Site,Status
Arkansas-Childrens,Site Error
Boston U,Site Error
CU Colorado,Site Error
Childrens National,Site Error
Cincinnati-Childrens,130
Colorado-Childrens,45
Columbia,Site Error
Duke,Site Error
Emory,Site Error
Harvard-BIDMC,Site Error
Harvard-Mass General Brigham,7620
Indiana-Regenstrief,1520
Johns Hopkins,Site Error
Kansas U,Site Error
MUSC,Site Error
Mayo Clinic,13215
Medical College of WI,2975
Morehouse,Site Error
OHSU - Oregon,Site Error
Ohio State U,Site Error
Penn State,Site Error
Scripps,Site Error
Stanford,Site Error
TuftsMC,Site Error
U Alabama Birmingham,Site Error
U Arkansas,10 patients or fewer
U Florida,Site Error
U Illinois-Chicago,10 patients or fewer
U Kentucky,495
U Michigan,10 patients or fewer
U Minnesota,8235
U Missouri,1130
U Pittsburgh,1925
U Rochester,5795
U Utah,Site Error
U Virginia,Site Error
U Washington,10 patients or fewer
U Wisconsin-Madison,Site Error
UC Davis,30
UC Irvine,Site Error
UC Los Angeles,4160
UC San Diego,820
UNC-Chapel Hill,Site Error
USC Keck Medicine,420
UT HSC San Antonio,Site Error
UT Medical Branch,Site Error
UT Southwestern,Site Error
UTHealth,Site Error
Vanderbilt,Site Error
Virginia Commonwealth,730
Wake Forest,Site Error
Washington University in St.Louis,10 patients or fewer
Weill Cornell,Site Error
